# ordinal	mangled	demangled
1	luaJIT_setmode	luaJIT_setmode
2	luaJIT_version_2_0_4	luaJIT_version_2_0_4
3	luaL_addlstring	luaL_addlstring
4	luaL_addstring	luaL_addstring
5	luaL_addvalue	luaL_addvalue
6	luaL_argerror	luaL_argerror
7	luaL_buffinit	luaL_buffinit
8	luaL_callmeta	luaL_callmeta
9	luaL_checkany	luaL_checkany
10	luaL_checkinteger	luaL_checkinteger
11	luaL_checklstring	luaL_checklstring
12	luaL_checknumber	luaL_checknumber
13	luaL_checkoption	luaL_checkoption
14	luaL_checkstack	luaL_checkstack
15	luaL_checktype	luaL_checktype
16	luaL_checkudata	luaL_checkudata
17	luaL_error	luaL_error
18	luaL_execresult	luaL_execresult
19	luaL_fileresult	luaL_fileresult
20	luaL_findtable	luaL_findtable
21	luaL_getmetafield	luaL_getmetafield
22	luaL_gsub	luaL_gsub
23	luaL_loadbuffer	luaL_loadbuffer
24	luaL_loadbufferx	luaL_loadbufferx
25	luaL_loadfile	luaL_loadfile
26	luaL_loadfilex	luaL_loadfilex
27	luaL_loadstring	luaL_loadstring
28	luaL_newmetatable	luaL_newmetatable
29	luaL_newstate	luaL_newstate
30	luaL_openlib	luaL_openlib
31	luaL_openlibs	luaL_openlibs
32	luaL_optinteger	luaL_optinteger
33	luaL_optlstring	luaL_optlstring
34	luaL_optnumber	luaL_optnumber
35	luaL_prepbuffer	luaL_prepbuffer
36	luaL_pushresult	luaL_pushresult
37	luaL_ref	luaL_ref
38	luaL_register	luaL_register
39	luaL_traceback	luaL_traceback
40	luaL_typerror	luaL_typerror
41	luaL_unref	luaL_unref
42	luaL_where	luaL_where
43	lua_atpanic	lua_atpanic
44	lua_call	lua_call
45	lua_checkstack	lua_checkstack
46	lua_close	lua_close
47	lua_concat	lua_concat
48	lua_cpcall	lua_cpcall
49	lua_createtable	lua_createtable
50	lua_dump	lua_dump
51	lua_equal	lua_equal
52	lua_error	lua_error
53	lua_gc	lua_gc
54	lua_getallocf	lua_getallocf
55	lua_getfenv	lua_getfenv
56	lua_getfield	lua_getfield
57	lua_gethook	lua_gethook
58	lua_gethookcount	lua_gethookcount
59	lua_gethookmask	lua_gethookmask
60	lua_getinfo	lua_getinfo
61	lua_getlocal	lua_getlocal
62	lua_getmetatable	lua_getmetatable
63	lua_getstack	lua_getstack
64	lua_gettable	lua_gettable
65	lua_gettop	lua_gettop
66	lua_getupvalue	lua_getupvalue
67	lua_insert	lua_insert
68	lua_iscfunction	lua_iscfunction
69	lua_isnumber	lua_isnumber
70	lua_isstring	lua_isstring
71	lua_isuserdata	lua_isuserdata
72	lua_lessthan	lua_lessthan
73	lua_load	lua_load
74	lua_loadx	lua_loadx
75	lua_newstate	lua_newstate
76	lua_newthread	lua_newthread
77	lua_newuserdata	lua_newuserdata
78	lua_next	lua_next
79	lua_objlen	lua_objlen
80	lua_pcall	lua_pcall
81	lua_pushboolean	lua_pushboolean
82	lua_pushcclosure	lua_pushcclosure
83	lua_pushfstring	lua_pushfstring
84	lua_pushinteger	lua_pushinteger
85	lua_pushlightuserdata	lua_pushlightuserdata
86	lua_pushlstring	lua_pushlstring
87	lua_pushnil	lua_pushnil
88	lua_pushnumber	lua_pushnumber
89	lua_pushstring	lua_pushstring
90	lua_pushthread	lua_pushthread
91	lua_pushvalue	lua_pushvalue
92	lua_pushvfstring	lua_pushvfstring
93	lua_rawequal	lua_rawequal
94	lua_rawget	lua_rawget
95	lua_rawgeti	lua_rawgeti
96	lua_rawset	lua_rawset
97	lua_rawseti	lua_rawseti
98	lua_remove	lua_remove
99	lua_replace	lua_replace
100	lua_resume	lua_resume
101	lua_setallocf	lua_setallocf
102	lua_setfenv	lua_setfenv
103	lua_setfield	lua_setfield
104	lua_sethook	lua_sethook
105	lua_setlocal	lua_setlocal
106	lua_setmetatable	lua_setmetatable
107	lua_settable	lua_settable
108	lua_settop	lua_settop
109	lua_setupvalue	lua_setupvalue
110	lua_status	lua_status
111	lua_toboolean	lua_toboolean
112	lua_tocfunction	lua_tocfunction
113	lua_tointeger	lua_tointeger
114	lua_tolstring	lua_tolstring
115	lua_tonumber	lua_tonumber
116	lua_topointer	lua_topointer
117	lua_tothread	lua_tothread
118	lua_touserdata	lua_touserdata
119	lua_type	lua_type
120	lua_typename	lua_typename
121	lua_upvalueid	lua_upvalueid
122	lua_upvaluejoin	lua_upvaluejoin
123	lua_xmove	lua_xmove
124	lua_yield	lua_yield
125	luaopen_base	luaopen_base
126	luaopen_bit	luaopen_bit
127	luaopen_debug	luaopen_debug
128	luaopen_ffi	luaopen_ffi
129	luaopen_io	luaopen_io
130	luaopen_jit	luaopen_jit
131	luaopen_math	luaopen_math
132	luaopen_os	luaopen_os
133	luaopen_package	luaopen_package
134	luaopen_string	luaopen_string
135	luaopen_table	luaopen_table
